{
 "cam_position_for_openGL": [
  136.5395890012713,
  -113.69962663918146,
  167.67424606769634
 ],
 "look_at_position_for_openGL": [
  324.20001945844126,
  383.77168530335996,
  141.89624472485667
 ],
 "view_up_for_openGL": [
  0.44519691244340875,
  -0.1219739338674524,
  0.8870862802499846
 ],
 "scene_points": [
  [
   153.92044236525638,
   57.781757359342734,
   120.5843324301234
  ],
  [
   155.1836171384113,
   57.772162911960706,
   120.21018960146284
  ],
  [
   156.63730199310706,
   57.953707279276955,
   120.09751346099682
  ],
  [
   158.50746277448562,
   58.25425701219496,
   120.24108950666863
  ],
  [
   160.33440731779817,
   58.329665533861466,
   120.16424069038722
  ],
  [
   161.79367227782583,
   57.81306371697157,
   119.96243383314227
  ],
  [
   163.13530517029295,
   57.37672787833148,
   119.73755074610548
  ],
  [
   164.42950336720727,
   57.305152626745326,
   119.54606884982395
  ],
  [
   165.96899294067012,
   57.08267802553263,
   119.27531404279222
  ],
  [
   167.68291654460802,
   56.820601949586454,
   118.8822232512711
  ],
  [
   169.58601185529807,
   56.65658775005658,
   118.83852669777148
  ],
  [
   171.12692075607868,
   56.548127366415045,
   118.3989564158758
  ],
  [
   173.3237923931125,
   56.33722261004193,
   118.39845658289478
  ],
  [
   175.26269520834222,
   56.75689215192135,
   118.90272224092962
  ],
  [
   176.73264440986603,
   57.56304611652343,
   119.29063864376661
  ],
  [
   178.25450231551116,
   58.80871343318701,
   119.83625378905447
  ],
  [
   179.19047209653587,
   57.0559249794548,
   120.36942435292082
  ],
  [
   180.7632124063325,
   56.30044152500747,
   120.62397564590032
  ],
  [
   182.5052783343481,
   57.03161090098949,
   121.30924318695716
  ],
  [
   183.94874157637034,
   57.72114525483888,
   122.37619456161808
  ],
  [
   185.41707058709062,
   56.77689118489489,
   123.55381070143574
  ],
  [
   186.83792054011607,
   56.56684504597337,
   124.38293397682679
  ],
  [
   188.07413173718598,
   56.41207799170332,
   125.0039637129742
  ],
  [
   189.20050576257975,
   56.00692227753797,
   125.50198282279345
  ],
  [
   190.41667274427556,
   55.193515358817294,
   126.58193109069137
  ],
  [
   191.70442011472838,
   54.74466480010888,
   127.21221667972284
  ],
  [
   192.5937558282904,
   54.173622925289834,
   128.17270957363107
  ],
  [
   194.24828398092706,
   54.08062584723626,
   129.48255406708842
  ],
  [
   196.36324193174548,
   53.87669095206677,
   130.03431929573117
  ],
  [
   198.10412584337945,
   54.21975359919989,
   130.32206051686055
  ],
  [
   199.25628802670448,
   53.904708450784256,
   130.69901257327555
  ],
  [
   201.22819011144193,
   56.08373845616224,
   132.05614459946588
  ],
  [
   202.3054672818232,
   55.982700818011615,
   133.25255430220898
  ],
  [
   203.59983217810327,
   56.510738557087876,
   134.17926465451256
  ],
  [
   125.53572768482455,
   76.16827257207598,
   155.77600438705164
  ],
  [
   126.36584278968374,
   74.58565004024157,
   154.006747203889
  ],
  [
   127.02273632819572,
   72.90397931368904,
   152.42920120408246
  ],
  [
   127.95759441005674,
   71.79874557182363,
   150.80855785097776
  ],
  [
   128.58123016971768,
   70.8575177319101,
   149.26601734364857
  ],
  [
   129.46928125928386,
   69.60072818663683,
   147.6091761039772
  ],
  [
   129.86175493684624,
   68.4371929746055,
   146.5388901356986
  ],
  [
   130.6092672841637,
   67.03651189181508,
   144.72467806456297
  ],
  [
   131.15948910897455,
   66.93312004326935,
   143.68778725033405
  ],
  [
   131.82302617109065,
   66.51746874883985,
   142.2778010754884
  ],
  [
   132.57493042432108,
   65.18687410254343,
   141.32727730476154
  ],
  [
   133.17771754029266,
   65.26146470689291,
   140.42059733212864
  ],
  [
   133.94730808176922,
   64.91382851394064,
   139.35031449233202
  ],
  [
   134.61386546518497,
   64.49318843322942,
   138.42829393298746
  ],
  [
   135.11999374986019,
   63.83989508505864,
   137.44188891834253
  ],
  [
   135.86500616669323,
   63.25895526281026,
   136.01367524232123
  ],
  [
   136.71619795159688,
   62.68007618742766,
   134.4425893122019
  ],
  [
   137.23299051509528,
   62.610923791492546,
   133.29879971127642
  ],
  [
   137.9044987583837,
   62.522099538587014,
   132.22810597997537
  ],
  [
   138.5510619555521,
   62.70841120979006,
   131.06502379695937
  ],
  [
   139.3224717040989,
   62.64094517558868,
   129.90380028255223
  ],
  [
   140.4313022443253,
   63.15076635862354,
   128.74160576909355
  ],
  [
   141.22691324387284,
   62.668481465546236,
   127.85633371476877
  ],
  [
   142.02906568611417,
   62.83779285924654,
   126.86222924625702
  ],
  [
   143.29217869920933,
   62.668003832553225,
   125.75025182290364
  ],
  [
   146.62507632711015,
   65.24285102950475,
   126.00104207605847
  ],
  [
   144.57369427020825,
   62.2310546204035,
   124.8543964725557
  ],
  [
   145.52799602726785,
   61.77302784188917,
   124.13450528113083
  ],
  [
   147.06185567034288,
   61.87728269605794,
   123.6451156243051
  ],
  [
   148.54855674107597,
   62.244583266137596,
   123.07527265259617
  ],
  [
   149.12257375085062,
   61.46889379858868,
   122.43914530353685
  ],
  [
   149.7683163624649,
   59.973778420605214,
   121.61096245001359
  ],
  [
   151.13896663686936,
   59.4916128723519,
   121.19988084007373
  ],
  [
   152.0963189388232,
   59.255563642488646,
   120.72415442314345
  ],
  [
   153.1100915419737,
   58.28699241574175,
   120.73154233123172
  ]
 ]
