{
 "extrinsics": [
  [
   0.994650934962478,
   -0.08830138894843394,
   -0.05359461062500448,
   186.2690157474938
  ],
  [
   -0.058533742239829836,
   -0.05432767586906854,
   -0.9968060516740789,
   -128.07169115762548
  ],
  [
   0.08510768824066141,
   0.9946111643976467,
   -0.05920568433763406,
   121.87934146500093
  ],
  [
   0.0,
   0.0,
   0.0,
   1.0
  ]
 ],
 "intrinsics": [
  [
   500.00000000000006,
   0.0,
   640.0
  ],
  [
   0.0,
   500.00000000000006,
   360.0
  ],
  [
   0.0,
   0.0,
   0.0
  ]
 ],
 "cam_position_for_openGL": [
  186.2690157474938,
  -128.07169115762548,
  121.87934146500093
 ],
 "look_at_position_for_openGL": [
  202.58759066117713,
  175.43744976086958,
  139.90638530229327
 ],
 "view_up_for_openGL": [
  -0.08830138894843395,
  -0.054327675869068545,
  0.994611164397647
 ],
 "scene_points": [
  [
   133.44844627466824,
   67.15086418107427,
   139.9604173939381
  ],
  [
   134.20102792875602,
   67.24985469926024,
   138.68769199085503
  ],
  [
   134.77576912768183,
   65.98089112927767,
   137.21689544438374
  ],
  [
   135.35047207396406,
   65.46449049747869,
   135.97127026627024
  ],
  [
   136.1215769803366,
   64.7707620056126,
   134.54574522398246
  ],
  [
   136.84712557958744,
   64.43138026511764,
   133.50877019452255
  ],
  [
   137.66806927067222,
   63.90244546334266,
   132.35066588088804
  ],
  [
   138.3051109815906,
   63.41788741601363,
   131.3600452411049
  ],
  [
   139.08605879134956,
   62.68296781893757,
   130.16923038575973
  ],
  [
   140.31443035840414,
   62.396833704477444,
   129.06836842814488
  ],
  [
   141.24110838717516,
   62.09930898057614,
   128.35002045354375
  ],
  [
   142.27829322838863,
   62.10527793713139,
   127.2563661892766
  ],
  [
   143.26737521688636,
   61.72208599894918,
   126.6052723488103
  ],
  [
   144.29611876596124,
   61.819338976855605,
   125.49288322883265
  ],
  [
   145.40452351498283,
   61.28361806673741,
   124.99871809631945
  ],
  [
   146.32035394298842,
   60.112888429711845,
   124.4224409577746
  ],
  [
   147.32448464864078,
   59.775909823291705,
   123.51242782735213
  ],
  [
   148.37622611996972,
   59.200044519355274,
   122.79065148191842
  ],
  [
   149.93668358247112,
   58.977682920976896,
   122.16140471756495
  ],
  [
   151.33816176555183,
   58.687284934846325,
   121.63808331547017
  ],
  [
   152.85045946392674,
   58.186313811604116,
   120.97770638963796
  ],
  [
   154.0465764772304,
   57.818243368009036,
   120.50070514263578
  ],
  [
   155.4236180339284,
   57.7195960531474,
   120.20180429453549
  ],
  [
   156.96692345490004,
   58.009295924571674,
   120.12119475739526
  ],
  [
   158.36535761394592,
   58.76091918571281,
   119.90136663670866
  ],
  [
   159.95954000628407,
   58.92841012783738,
   119.82847269770603
  ],
  [
   161.1143981564348,
   58.72871070680907,
   119.38110413242846
  ],
  [
   162.1602017888428,
   58.31495566107901,
   119.2223993586665
  ],
  [
   163.47013038038483,
   58.0002998504089,
   118.95942860480632
  ],
  [
   164.66883823822786,
   58.03679760612739,
   118.51125918224334
  ],
  [
   165.97585631037666,
   57.682060571512096,
   118.42931212050462
  ],
  [
   167.13843085485007,
   57.436121826968375,
   118.2585452911452
  ],
  [
   168.21769707649662,
   57.22095610329749,
   118.08152243568402
  ],
  [
   169.57850255221805,
   57.066122562835574,
   118.08421761917573
  ],
  [
   170.7673594861956,
   56.81088897518501,
   118.011893364406
  ],
  [
   172.27573395004083,
   56.326781404152754,
   118.17037831286268
  ],
  [
   173.79982791005503,
   56.23388496052284,
   118.71032608899463
  ],
  [
   175.47412134912497,
   56.357380346803204,
   119.36347619207314
  ],
  [
   177.9499378812993,
   57.42598592273621,
   120.4307935571996
  ],
  [
   179.33699157505907,
   56.797470505570836,
   120.44243455124658
  ],
  [
   176.7717711046999,
   56.58502239714185,
   120.038456021509
  ],
  [
   180.2427353155385,
   56.231298062842114,
   120.54617392170188
  ],
  [
   181.489685932826,
   56.57055537447573,
   120.52311999701357
  ],
  [
   183.04986065896844,
   56.500884276781434,
   122.52442831819556
  ],
  [
   181.8267412628845,
   55.735240048324776,
   120.56410758990002
  ],
  [
   184.77572352744397,
   56.870595662504115,
   123.21899111090403
  ],
  [
   186.40399163571522,
   56.78917972933623,
   123.98088985819426
  ],
  [
   182.48454022434163,
   55.331228169650615,
   121.09764864602873
  ],
  [
   187.57660459640678,
   56.744544336531604,
   124.56258676981622
  ],
  [
   188.5638393953072,
   57.65135780839517,
   125.80050514329827
  ],
  [
   189.5139272269917,
   56.87880476765942,
   126.22962713317204
  ],
  [
   190.82664483519798,
   57.128164855862025,
   127.21040160495832
  ],
  [
   192.33188076507716,
   56.10111961864851,
   127.34913964057762
  ],
  [
   193.21760565608002,
   55.88576817263262,
   127.56814628034824
  ],
  [
   193.8259384878098,
   56.943487917346715,
   128.36784417065957
  ],
  [
   194.58819855550348,
   56.43005191620493,
   128.49782378838188
  ],
  [
   196.06330770161412,
   56.30126782009319,
   129.29047056262658
  ],
  [
   197.22762943905013,
   56.15476820766911,
   129.6215008663405
  ],
  [
   198.62858658896684,
   55.68063846141654,
   130.05084308572114
  ],
  [
   199.52391754306453,
   56.03758722223393,
   130.63015433633404
  ],
  [
   200.49477592636708,
   56.56132868337886,
   131.33727175863478
  ],
  [
   202.01875759323,
   56.995396225390984,
   132.63580364473555
  ],
  [
   203.32110270393719,
   57.27374149918373,
   133.66036389241975
  ],
  [
   201.31980192183107,
   56.524428507390766,
   132.02451827152794
  ],
  [
   202.45937953792605,
   69.906473469062,
   142.27668763942557
  ],
  [
   204.54519335254284,
   56.98062946643246,
   134.82542246314682
  ],
  [
   205.47582176381508,
   55.731218352100456,
   135.58573189169772
  ],
  [
   206.46815390978492,
   56.09462594760277,
   136.2641535194575
  ],
  [
   207.7267889483446,
   55.98730963833275,
   137.19457498401695
  ],
  [
   209.15600916128156,
   55.31527946295824,
   137.83567809392147
  ],
  [
   210.73688358131827,
   54.10591438513325,
   138.40419302307396
  ],
  [
   68.83555963747119,
   106.30550772395064,
   146.95251388507324
  ],
  [
   69.946202176805,
   105.3797497426016,
   146.46962506913997
  ],
  [
   70.99736166606041,
   104.27592126706762,
   145.98737645937751
  ],
  [
   71.85486502561673,
   103.5378276979277,
   145.67910860094494
  ],
  [
   72.6108260168291,
   103.00874836887391,
   145.31749127865936
  ],
  [
   73.60195766372222,
   102.20057447188464,
   145.07596622698998
  ],
  [
   74.81744119522406,
   101.35580513690857,
   144.83007567504006
  ],
  [
   75.97311036751977,
   100.47578017787286,
   144.66533931568836
  ],
  [
   77.08738149969788,
   99.35638217726367,
   144.8614599237825
  ],
  [
   78.352734367094,
   98.53739300855901,
   144.8903967198084
  ],
  [
   79.65090317908059,
   97.59542790284593,
   145.05881651550493
  ],
  [
   80.89001763992403,
   96.51037022510575,
   145.45680282023875
  ],
  [
   82.46665631182287,
   95.47929232012336,
   145.6251138010355
  ],
  [
   83.29383509211247,
   94.61685385120784,
   146.06728064365376
  ],
  [
   84.90241478122803,
   93.19988346190235,
   146.6505740313936
  ],
  [
   84.17857372512468,
   93.86084217356938,
   146.35544152287088
  ],
  [
   85.70858962188967,
   92.41106747342516,
   147.2310950235055
  ],
  [
   86.99925846010001,
   91.3752394321381,
   147.87282300950304
  ],
  [
   68.36154716656213,
   106.8118295527727,
   145.56412885227533
  ],
  [
   68.36126267445707,
   107.43424510560519,
   144.2815942595518
  ],
  [
   68.57846419683753,
   108.21479653928554,
   142.873722762031
  ],
  [
   68.31603020259683,
   108.18011517477655,
   140.84693677280748
  ],
  [
   67.99832841482377,
   108.08027616225101,
   139.36326845203362
  ],
  [
   68.22382486657546,
   108.35358849087882,
